id_version,n_classes,m_c_BC
f3f766a2e04897cc5e8fe429c7e191ee38908301,914,0.035970659
70a649f49477c19d051c0ec162e2380ce63f27b6,1010,0.034619881000000005
4bf86152c10edc77a7e1e7fe6df5f144f5d5c4e6,1022,0.036321176999999996
e2e9e299eb1e5c611dedb9c8dc360cd3f53a9555,1027,0.036458332
103fe5d5a04044b78af0826e81c74c724e1424b1,950,0.034472716
e730e4f360e8da055007681e531b6be56b2f5e49,1001,0.03409091
7a5eb4da438e513501501c76e3f100999c3c6ee4,993,0.0354251
a362a41d4d944f6be5d3ec2f93c32bc975e10c0b,987,0.030820295
373083f0d6ad6e6b00dccfdeb378d81b5a464208,950,0.034452226
16b12d300cd81aa42903dc79e28e20434a24db9a,993,0.034319196
7f32184ea438480f040833255cdc39e2c20a482d,912,0.035503143
0b834377757a16f48daa62eb89034cffee156283,951,0.03449074
3aa693810cbe8b23183662616e2e33ad3dfbba88,985,0.029668117
5584b3126e685084a1923741ed8240c6919d6d39,989,0.034302756
697f2922ca97cdd618f9b7cb7a61196fadf2aed4,950,0.034472716
6c9750fb4fa65e0c012dc00d44d2ee07a1ddd89f,935,0.03475712
eba8b1eaaeb38d90c3c811e4086fb530b59238cc,936,0.034754585000000005
4647f857ec7ac0e90135468a06cd7961ced7a4ad,989,0.034302756
bfc1ce612e463a012260cd6e48ec7a1a00c67866,1010,0.035984612
d6efc22652c8fe0f2081b48949c73aae8a1cb71b,950,0.034472716
b8ee6fb4440867f81279bc703ba0fec239fbca4a,988,0.030457197999999998
72ada4862ba3ef78899f8e0d69967adacbe0decf,993,0.03325478
0a0932c021f43ea2a14750066f4e8233e365c01f,951,0.03449074
6cd06e5bd2c3d48533366c9fcc3728c32e02ba16,1012,0.034805470000000005
a6696e78493374c9e8afb9785452dca0be505e5e,1038,0.0336917785
8f9a560794a1cc5b72481c0baf865f67d9de40a8,1015,0.036324784
89d7929f17f1284485f04089fb95db2879b7c066,931,0.035157546
743cd28b121be3e46353957fade285324b41636b,931,0.035157546
4498f04a794b9d23f15e29c295623216b054db93,1004,0.03409091
8d4e1745f983d5fc831eb755c7f68038ec484667,950,0.034472716
83fb234a198453890a35f5c9edd43c79345c4bd9,1010,0.03409091
011e5959b7d78ff073e942cf09eeb9636f28d93a,987,0.036912754
37e72fd70262f9e8066ef4e77e3a991abe560818,988,0.036956377
9868f51b9a50f2779cc457fd7c2bc07d627b6a84,913,0.035546876
3b8c58cdb2aad711f3e3b2212a3fa856794fd847,1003,0.03409091
d1d08fd31b0f93b4e7e9061e57cbc0e76752e08f,909,0.03610176
54ee37d736d0b52e3854cb1342d72a69ee18c49a,1010,0.034619881000000005
8033f8b13d8d4ee718de23e4f19a4b613bf7095e,988,0.030457197999999998
fd8760ec5f035e9ce1f0a00688ab1424f179825a,913,0.035923753
cf908cf87250d37869954efef41387e14bcb5e52,1004,0.03409091
5b58bc12bf3cb6aa426cf5c5ca3fbeb0b065dfcf,920,0.034621395
a19097b98531887e8032425cd5be0550c69644f6,988,0.0309253695
146212a53c72b7c0af7adc08638c0a6ca28cf3e8,916,0.0359240605
22453a86e861f84ea350f18d2c01cb65d0cac386,909,0.03610176
b58bede871533dcea840d3dbcf3dce4079c26607,1015,0.036324784
f8945c08d9d45abf5f97465c926c414040a6c661,1005,0.03394581
125a7559e7c00ae128f2064c017646e81897f2e3,1004,0.03409091
d8233e0ba4bfcbfec636e3cdd4e47df737c70c8d,990,0.036509799
b292d9955b0e92b4a7308cb227ce5f9b4c52f5cf,936,0.034754585000000005
d7c14e5434233c4fd56d5b249ae1acf32fd95602,1010,0.034371891
303960500c5436847bd747b1a8f732bcf0724b77,955,0.034454692
37091ada7f58145bf4f1333717d013aaa09585e5,913,0.035546876
9840b67b300a8db6f8333f1336d5442f4e1ede88,936,0.034754585000000005
91a0bcabcdb0c24da97a0c33862e2151717a158b,1003,0.03409091
621028ce1e28ea9827a067495b8aea6f18b07592,1010,0.03409091
d62ea9a1ad513731be6a0d97d8c79f3c72badc9b,960,0.034791495000000006
11c2b6d674d00268c315337e87633547d704a86b,920,0.034957333
a3e9293e2ec066a5d34735ae74c7a443cb365840,903,0.03638889
b6dc03a078043021dd4b7856d5d4ec44dde418d9,1010,0.03409091
743cd9a2415f4bb39e8e30c07e195bba3ecf6b8a,1010,0.034619881000000005
5253d075daeb0674c54105eb4129713fe289692a,989,0.030303031
c943faf01695e01c7cb107938bed6380e1a3842e,1001,0.03409091
e9a84f72c840264a6893590518b4326b6a23a509,1012,0.034805470000000005
c962ab0c9511ba7d870f89c4b5ef7baee8bc5b8d,990,0.036509799
dbedc937fa94dae4746b5b92753ee295782c4204,936,0.034754585000000005
81a5634efd278cc7a555a90e58f271652f35985b,1005,0.03394581
e44d098c41d535d3e367d7969560f4c9782106bc,990,0.0366393465
dbeffefa7ee9c41829e820229d94d19b398dd497,993,0.0354251
5a1f4e1bcde895bbb37f3b3ae352edf7db45cad2,1015,0.036324784
defa1876cae51be09178a7e8ec238d407c5643f3,993,0.0354251
0729f818d543b46669c2c586af381cada81f99ad,909,0.03610176
24e44a9a0b159d7b4c7463e1af7ad285a1323d53,916,0.0359240605
42bb824584404e34d0b00a690c74110c538a61bd,951,0.034454692
e3daa080b96ebe907e46c2073e16ea5dd9be9c1e,992,0.035041375
467121cc4e1a8a9919290b77366b6c51b9bad6e3,1009,0.035947714
5cc784d422221b77e4d1642b6043a11bc88313bb,1012,0.034619881000000005
10707f14acc9b34d0fd5829ee537e52f3e634bb8,950,0.034472716
81c2c58605ef010dded7547c381e86475db4553c,999,0.03423713
28cab6f44ed144a9bc4c581a71d99577bc0b3b68,1015,0.036324784
3d53a8b4b3302a15de2eb22ca05c271df06159fd,960,0.034991707999999996
19cf8c61aa1f3702ad41dd4db41d107fd2fb8c26,950,0.034472716
658f3a89586554a9af764ad349ba383c02158f0f,948,0.034754585000000005
de705cc313edbe156b39ab067db239accc3e2848,935,0.03475712
fe88a1502225c7b76488e51f5b1639a5ea318cb9,1010,0.03426311
31230778752a1e7ade97a27a284d376b44335c15,936,0.034754585000000005
fd61843a94b7e4b8d3f398d05c0dc92660246b0f,917,0.03545941
9fb72aaa747caaaa3df308a085417c7169994545,985,0.03449074
4e415bfedb4bec0a9ee216dff33f46c1435ddf4f,910,0.036742833
e4478abf2307611ba0b3d61bd68948a3a24705f7,992,0.035041375
a79e2b88b595f50c5e8b51a020a22ce1f61a5bea,958,0.034472716
3b9d22fd69efda5a528adef07d8c15e38cc1e0b9,914,0.035970659
d0e52716ba8d95f5539eae4a1041b1b48eb52866,987,0.036912754
cf1c87457fc6018d57c4b8e5df959439597e780d,912,0.035503143
85bf41787f2f3bc6cbeaa4b112a1b27a2c77f488,990,0.036648355
9cc3683bd0486846d8ef042da3a4c81e47ee189e,923,0.03475205
6113e6b4e4c2a71d4f59760f376880d53dd69fe2,917,0.035546876
cd5ac28ed84383b0c032e2f3a781c703a97fc6f5,955,0.034454692
a73aceb51e5962c9cdabcc7a0cb6dabff372dd0e,909,0.03610176
f0cc793059b2e6e529b975f8325cecf759b59066,1010,0.03416402
91d4b3dd601f4bfc0f865ae052c58fd205985f58,950,0.034472716
1421065ed8ef3eaa16f2a0028d19049853b0bf24,909,0.03610176
0f902978d6912004003d1d43f1d3b60fca2d5a30,931,0.035157546
05df4abb61ada0739dfc9b4e89d5cb14fc272458,1010,0.03416402
59a84d048512f1cb8e55b3ca2bfff20ec2b1bc45,950,0.034472716
b6aa471b52a8d0df032ce09e49c143eacc6506ab,987,0.029668117
756c2ac9e69ba74df7d7fe1dfce7826f0b848f17,987,0.029668117
d2d9df6bc1fe0ea899a3445bf054972ecd059334,1003,0.03409091
9083c15b0a669b82fecb7b466c1fd4aaf0c718db,948,0.03447025
3109ac7a9e412e3232b1fc6f8e2ced066b48bef6,1010,0.034371891
3b3472f2e96b9ec6c283c9de24b018b680fefbe3,958,0.034472716
2c4118827133aea8111f86afe34f8277af830463,1015,0.036324784
7832ed89eada44f0224a47ec27d2d9c469aa7484,950,0.034472716
e8fd449fedfabd34695aa81b6a0c519000fbc9c4,935,0.03475712
cdd6a5d2604f82247f1887de48ca459b78f3ed53,909,0.03638889
25a71cb2552d23f336f0ee9ae17801d461e67209,910,0.036742833
8d9aeea6bbc8497b8ef7faea52b8926d9b6d5e79,989,0.034454692
c2e3a60bf3addf78401e7c640f0bea51b1a3856c,1015,0.036324784
06f8d7daa9746a23389d33ca31110234f764deaf,984,0.034472716
6895844dc629c74562a5ab04fde04556e96f53dc,914,0.035970659
9025e9887a7056130520e861d57d31aa8fbeb408,987,0.030820295
eef90c78cca066755db8844779d307f0b4852194,989,0.034302756
20a64a80eb90f06172e985f722ab53b389c62fd5,1004,0.03409091
abf35b0d63549f0219d618336767c3566ddb370b,913,0.035546876
798c883520d3e06885edfd0e2dc6eaf211b648f6,950,0.034472716
12d21c0a783fdc3d7323d4e65f453edfc68f7d41,1012,0.034805470000000005
26779e45e29556b89f82f65ed3df7496881af789,995,0.03482587
074c717f60bfabb44669be23706328a00abc7bcd,987,0.030820295
15718c25be97ced63abd0e5cc5953d626bc53706,911,0.03545941
edd9a4108b71fc680d3ad596f230ab24755d135a,912,0.035503143
ab6ee4660bce4bebcc38cfc8934841e6cf1d85e8,991,0.036324784
23c22c8643eb4a01e4507facc543bad17253280d,988,0.036956377
ae00642922d0c8c88184dcf58422494ed4cefbf6,916,0.0359240605
72f6a92df54465d34408103de610fe3c9ea3496f,948,0.034754585000000005
4ec8d7c2a21218aef06946262ae33d4ca2e91d83,917,0.03545941
aebc66b816cbff062bf678d517c1aa75ce89761a,999,0.03423713
07ac89eb420c10786d57dd3f2db828e8a2f497d7,950,0.034472716
014c274e81512718ac85cf6acaac59e6eb48ab0c,909,0.036231887
cef1dfd20c31d98121a2b93033f5fe76ee76cd09,990,0.036509799
1c6d26879d0642efa6c4009daefcab073892ff04,990,0.036960813999999995
282cfefcb8871e48c707c714d81bd16fdc2cb841,948,0.034621395
2ce05afc30f04babbb03a49a0d6ccedb17c717a6,958,0.034621395
4eff8cf6f5da480e918fdcf6a58c1b7ec985c3d7,985,0.029668117
8e858b3c4998c5a6f96ae245bda3803475ae2823,990,0.036648355
b28f1689944592e5cbc31b2f998b5886f605944a,1010,0.034619881000000005
e411e6f4b276e399629fa00a391d250cb8bf77bf,1015,0.036324784
f19cea1ef6daccda17b9999264481c5b517861d8,987,0.03303787
1fa19f7c686522b4bc71c0b004f468e31d36b814,990,0.036648355
7694e1afeefe768cfe68414e2ab7ce961466c01d,909,0.03638889
ec6fc9d73d9f858e1f2bc0f243c882690632fc43,1010,0.03409091
768f31dba5ea0a97eb2a647e13746e40bc05f884,1010,0.034619881000000005
a79ba8f922d1f8266f65ea74b0c55eaaefe9a914,960,0.03462393
0788902c3774cf5729d90b52caf41997d80f5f10,1010,0.03416402
3e9b35f58182d7de1b787ee0cc4129f0d3de7f1e,912,0.035503143
365ee024c28bd4348112fa985e70427349260ab1,970,0.034472716
4076fe1df622d29ac05593469b55fb1c229bfce1,1019,0.033673152
062cd0dcffe6a2c2e2f2dba9591cbdc1b6b1e849,1010,0.034619881000000005
b0e64b8f917332b3415705acd45123ee0a111ed1,993,0.034319196
a6516afba7782c49ddbfe5f6cb5e011b62a161f3,960,0.034991707999999996
077c070ea5ac3d879c51fe09792c6d8c4a2f0b54,1010,0.034371891
46dbb1fb898ec79cf32ae297325f596a4f4d0c2d,1010,0.034619881000000005
0fb3768fe31840f68a2b05779763189eb83b6527,951,0.03449074
28e7b8542e922a594dd77bbacab73e1ee816c30f,987,0.036912754
3f253734f49625d7b271dbb2fdde5460ede7e17e,1004,0.03409091
a62daecd78be6676c6abda802f035f3a687e8545,950,0.034452226
a3072903ee51609aac5519d5c73a9a7e7a92ba04,946,0.03447025
76b6b16040e8dd34acc6dc9208657b9b5d07c3c9,1027,0.036458332
19271360eed9971411d4481a6de1769be122f6b3,1010,0.034371891
4933e5aee27506f42816a6f0311aadb8ee0057ec,958,0.034621395
7011ae3747c9aa3ea04ad3ad1ded8681f5f49c7c,1012,0.034805470000000005
5a5fb05c41861499b0ab56cb26118bd7c9fec6cb,913,0.035546876
a6450e4f0f5afa64df411e8ee43f40509292253c,1017,0.036458332
f65e064e98510ad467b67e8064a66b8d85a2a90f,948,0.03447025
27b09cf0b86b670e324ff64834640a83932dec17,914,0.035970659
fe7b7adc71000cb96cada620ee98abe5d0b2e6fb,955,0.034454692
0379134bba7b875777068e5ffc796a41520aa366,1015,0.036324784
171f655b591852c33ff4de2a86334cab84601234,1004,0.03409091
a7f0e5490b2ccd6719e6a68dbb7cfc0544e313ce,990,0.029821983500000003
5dc79e1d2664602ceb9299422a703914327d47cc,948,0.034754585000000005
d6ee8782ea5b1a16497f2a601a15c5c91ab8553a,960,0.034791495000000006
6e2aaf55bc270d98f63fff3e05f36feb414ca0c4,951,0.03449074
2800918dbb32adae891a31cbcd74533bfa3afe53,1010,0.03416402
7213ce580203916aa922d5e24f01f2085c700118,936,0.034754585000000005
c6ce45553e8ff6836d4e06dc14576abddf079192,988,0.0306359825
39a542b9ae2c9a0c80c27f4f0241ea1d9e9ec771,1010,0.035984612
0c51a8dc51b676720ddd3fc652c2d138f332284e,1010,0.034371891
6d342673293b84e0e7a746f3a0f563efe82425c6,913,0.035546876
f4c60dcadfa2fed1991bb8d938afa14062743f81,960,0.03462393
5e051834f3ade9bf313e62b0e0a6833c085119bb,988,0.030457197999999998
b6c9190d10b34c292579700ca7570b9a4d61efa7,987,0.030820295
2b6cc1b46da2b7d324c68842ad9270d9ecda3d5c,936,0.034754585000000005
a131b9b3fe4fbec66346d61fa0e30587bcffafaf,948,0.034621395
468be39eeef2a11ff43f8e78ec3e0fe2947e2239,958,0.034472716
58c6de82730a4099031fab774b12372a85a21373,1010,0.03409091
f31653d16b7cb8611bd5232d83e7c46d0663711b,989,0.034454692
cb132c7533880e20aa8a83e738652480a26bad5b,987,0.036912754
2d123f748d4064c9a3e4fcf9869ffa32eb3c0d76,1005,0.03409091
cd7e108fb2441651a391ef047052d903b63541da,1027,0.036458332
bb70091cab1de2f73c4ef562735bac8947c5388f,1027,0.036458332
707888c9e99f60faa256b7203df8a9ab050bb24b,970,0.034423114500000004
681403b7ff7a0cf1eafd7a9121a726fda2b58131,1010,0.034619881000000005
d940e676eec5f9ed78ececb1a1df141824975f9b,1010,0.03416402
10cf6b37764b1a1f7c9f0871c3a7c5cc69ecc165,1012,0.035054932
6a160f346948dd9473dadbba5937ac599a680f3f,935,0.03475712
bc4eb8c24a05a6b20f8ffc3ba9659e6aaddd1cf8,920,0.03522077
ac710c9a373e94040c30b33a2746fde18518c6b1,990,0.029821983500000003
d8ee51062cf4add88ffa4d970921c412d3b48f5e,987,0.03227717
40a5649a13749173ac55c36dd823da6281e84dee,993,0.034319196
53ef4032831cff4e4590fafeb1b49b6010eb3a88,984,0.034472716
59c35cf4aa29517808e3382e6b9b63dea89f2a87,987,0.029668117
6783b11b0d667c0007dc2f844f3caae1273659cb,951,0.03449074
40a282cdd510459132f24bff0bb2147b9bd6ffed,993,0.034319196
d5e5129854dc2e11a6f94e47d98a9870251d647e,989,0.034302756
c04cde7e3315ca601250dbc633d5a705775b5d53,948,0.03447025
b9337fa9beda3b6af4cd765cf06a7fca21344c5a,931,0.035157546
9b379dc365f17c8f333a2f8f9358a368f0cf83f1,911,0.03545941
dd4641434a00a1cae3ed357069b646482dc9430a,989,0.034302756
220d66bfd30274666ae5aa741fffccd4ca05737c,958,0.034472716
62697084deabc7164463100f204d04035fbcd6ce,1005,0.03409091
ec89d2d001a3cc408de040a163a6f2a09af253f7,936,0.034754585000000005
656248bbc35b37cb6ee3efff31a02a5addfbde54,1005,0.03409091
1616c66b3f85eca9eeda64a4f13ed1599b959f65,925,0.03475205
af960a8f901140df6b53d488c495abb2b4f0c3b4,973,0.034302756
0d98d3555c58af6bf6189057e183d02e987d3f1d,931,0.035157546
211615e06fc3f02b9f20180223ec3da550ab009e,1012,0.035787664999999996
0b5e687ae25ffcf357688c846b381243534b1b8b,915,0.035924368
34a60aaa2d8ed329f64f0eac1fbbf22fdec07f8d,935,0.03475712
d6f2f90c1fcaa782eb89dc95bd111d124b6728e7,988,0.0309253695
9af35e1b6f41d6b1659a9e741232cc95d2821de9,935,0.03475712
d88aaf8c6577e596e8e0ee9b196e55b8bd6b18cf,960,0.034991707999999996
9e004ed87dfe412680b97c3dc02ddd2ffeb34e4a,987,0.03303787
0e91d34393859453e288a3e9b7041239f712af82,992,0.035041375
e424c15913759e25483d8087fff9a730fecdb057,935,0.03475712
8aa143b3f061b352bca83a8a98431db45b5daec7,1010,0.034371891
9ed6b06738aca48d0e2dca7a7a745f6803f1d8e3,993,0.034319196
90779ebe00b8be36f7f4b69a929360d87d8754a0,917,0.035923753
ce15179166804c81853844d0fed6bb17e5406128,955,0.034454692
dde33779575959152fa719865f48a2e05ad6ee05,984,0.034472716
dcee0f8778fd8d29e5ddae796740f1df2eabf5c6,913,0.035546876
79796546464a0309f2090fa6cfabbc1970acb1e0,1005,0.03409091
a823883c53adcb2b19aa04715f1d876f3fce916b,1008,0.03401836
f99aa00d17def49bed3c363e66d2849adc6ae3ec,936,0.034754585000000005
0efcbc4bc50252ee2050a17e7ccb1f6e2e678892,950,0.034472716
ca0d8cb6778cf1ee8c48fea1733b8ccf7b41ee5f,909,0.03638889
1ecc835ad0c63eac1ca5071401b03423eac923d4,912,0.035503143
a77529f931028838e1d12aa09d41886e8f0ed48f,951,0.03449074
53c0d8794f3c9c31511042d5fd5d3528e881b5ce,990,0.036648355
59aa1b4b8a0c37213c027f9bde62f4561ab61c74,987,0.03303787
8c0c670db3b587b76d4fd29096b28326db18d7f1,916,0.0359240605
ae4ddff4f1c2be947efe294399c22f1d09f5a2fa,936,0.034754585000000005
f1f8b0b06b0b40fd820beb3d7badb1e22b17d50d,1012,0.034805470000000005
09a9d2242494bb2b492a7de860e68a2996a2811f,1005,0.03409091
a9b25bfd51a47c16c7fc0a8f55818ddb0bf3da5f,1017,0.036458332
cc67fe8cce14f97e1820a8e0b5acbebd007d5117,936,0.034754585000000005
2e55bec5261bd66bb8057649c4be42467c8804af,960,0.034791495000000006
380386ed1dbe5406b0d08e3b0040a9b5c592535a,990,0.036509799
2e488e4011911d946480492761036aa86d0cee0d,910,0.036742833
ba964dc699b5291cec14871f85cde6d07aea018b,1010,0.034619881000000005
4808e4c3fb244886a3d5c34384818394e54a9626,1005,0.03409091
de6674f4ea2a5950bf7c60a927cbc5f0ad62b1cc,1027,0.036458332
9b93aa38ba00bef14d94a55eb4cd2ac598fff8a9,990,0.029821983500000003
e50a70bcafd154fa4877479bb3d10321a92792d2,903,0.03638889
d7d052531156248eafd666acec9da4ace134b5f0,912,0.035503143
51f31da5b6c1cac493c1131f2e76a50fa29b9f8e,1016,0.036391558000000004
c18bf3b3d55bb337c00e2edc83c048400ac065f4,1012,0.035787664999999996
88f7bbeec54b8654ad57c825cb2334a36150296a,910,0.036421955
5031f172845212b3fc6e0fa03fc61be8c378d08f,987,0.036912754
64896add1ef9c7f547e9d20e277e1c6584e6ff41,903,0.03638889
f3576f2188b03e74247228eee672672abae68d74,913,0.035546876
d2b9a4523bbbaa98effa756b2456c5fca767e11b,993,0.0354251
b72a4ee826861dfed63d494003ce6bd5cc139f7e,993,0.034319196
c53ba5e848fbc9b55cdc4bd246684ba58ca11cb3,958,0.034621395
1d2f769ceb2aad04a8314813b0749bbd7e76a6c3,951,0.03449074
b720aeceef71d8248f1f87c49d3e84e03e370afa,1015,0.036458332
7e73c95b5791ca0e782553ce5316d60a004e0270,987,0.029668117
508eed9fe3238d5a4ad9a2be809e1084e0e7eb89,987,0.029668117
aac278d72269f5258133999dca4c3518e289060e,1010,0.035984612
10391a106e27de9f3ead9711e0d77e57f4a642de,990,0.029821983500000003
1de82aae052000bae0bc1fa2dbe5fce0075d0ae2,936,0.034754585000000005
ac838c3e1e30a5da506468f42125eeff040f3bd0,987,0.029668117
a1b49441a46d2c5045c4736355d2357d39727af8,985,0.029668117
ae283d19b8777c9913f1d8ee6b49862c80a1c46c,990,0.036391558000000004
f90598ffc01e0a01bbf9ac00c525bcb540fc4637,988,0.030457197999999998
18553a4c62f85f0cce8734f07a3e0019976e8837,989,0.034302756
194fc47879d6f84dd5fc872b42d9edb3137a4c48,1027,0.036458332
4335ef3a564717d49bd8947eaf9cba11b9c5149f,914,0.035970659
1dd134d670fd1afdaeb257700545d4fbd7457f12,989,0.034302756
51b6452d6bc44e27f97f410c243058aa6eaa968d,1027,0.036458332
89c540574b562634386999fba956e3b22d893e41,951,0.03449074
e94698ca73f649f838ead4fc98141ab3839325a8,950,0.034452226
6256022ece0aa2f00c329fe25a9214e252e2f0f9,1015,0.036324784
705f5825c46be837d191eafb4e4b1aaee05790ea,995,0.03482587
6ca1f5ce7495591b548feb4bf15ec8b414443f7d,931,0.035157546
62260f258891090a532062f8688799e7c5664870,1030,0.036562501
552db7516df77e2ce1730ea48af18c4158a0a5d6,1015,0.036324784
f108534d8ee9e89e6bf02d271cafb3d6a9b5422b,956,0.034472716
ed8bb2b1fcecc0513bc2992925c5df517706f950,1015,0.036324784
49fa06c3f115c194d951621b0d8fc9613321ac6f,1007,0.035947714
35c1163b04cbd7888d46f1d1ddeac6026f05a379,1010,0.034619881000000005
3d087653fc706f4ceaf8dbc536694801fdd48c21,950,0.034472716
78bf99062c5b82fb093b26df66fc611f0e23abcb,989,0.034454692
6137512bde7f78a8b6df46379818cad0491a90aa,1010,0.03426311
9127b8f6606b222ccfb11ba9e2d63613264d0b0c,920,0.035371702
f44f48a36442055f1539b173414a5e16b419bc7e,1010,0.034371891
d8e0bf172388cdfad9ea02f4fcf717dd709875aa,1010,0.034371891
a818d578f791314f8d63645561d4d27fdc4da91a,1010,0.03426311
7b122a7a394fff70da3bcbd3b2224a9bcdd8a7a3,909,0.03610176
00ebcc5861de750aed428905c6f1b0f7134e1a54,1001,0.03409091
a16e7563f4796bb44653984f8997fc3c54254c87,920,0.035371702
7569cc6e6ec5df9f895fc1fee8f5688d90d732e5,951,0.03449074
f3652af8777683faa4dddbe54f3305448a52242c,917,0.035924368
cbf5a30710b5716d80aa226f8d78126876b1d2d2,1010,0.035984612
eeba42e9bb111e78e3a493694312ab391e189386,936,0.034621395
daf3401014656c09464055f5129d529cd2706306,987,0.031595577
205d09f62bc8e4c586a28f89e510bf578bcbbbeb,1004,0.03409091
5f62e4e151a5a72525ec963f66b15a6173139162,912,0.035503143
dbe69f0326cf0bf3624efa25000b3e36dc67d5a2,995,0.03482587
84d19819548490d49088ec99a9513d955482fca1,909,0.03638889
f492e50135574706d7bc8c4e6acea52663db2e21,916,0.0359240605
906d58925f98a0e5d6e2f2470a3a64f693fd8d7c,990,0.029821983500000003
ffbd8264b16475f766208051eefb7887f682fa65,984,0.034472716
d541789a6caf55e96ea026b60c0c197d8d6f3aa5,990,0.029821983500000003
8581e48e30803c2fe93799c1f60c31fa0d129c0d,993,0.034319196
5401d2fe1f141184f0ca6ff5b58da9ce61b57a1f,955,0.034454692
7735bc144d771aee89d6886133ef3167fb1e1be0,922,0.034621395
b833e5e8169489ad93739eae1008a2b09b980720,914,0.035970659
878b061e09dc7f9875324312c0e4ecfc04544285,920,0.03522077
f14f7716bcec90d5906f329352e5d6f5ddb02102,995,0.03482587
3a41b15af724c25bb34fbadd9bdd49f215fe4ee4,960,0.034991707999999996
52748c499ea7f324e111002f93546650fa11d349,909,0.036231887
11bb8dbe05f13596ac52640d10b35952df74fb07,1010,0.034619881000000005
3db61d6de85ccf3c5c32d3f62db189a64426bf10,905,0.03638889
fed29ee44f4012b628be67a4cfe31b7840859440,916,0.0359240605
32370afa240467c1ef7daa3f7ef68c4e60c2a76f,992,0.034269943
6fc1fa214ba6da1dd49bb92a320240bd7a53dfba,988,0.0309253695
58a7410f1767aa731709409301e96e9640cc89d0,990,0.036648355
8f3e6aa713a1ce6743abc99d84319682d76b3519,990,0.029821983500000003
a8604a5a2ff8071f45ce781559a08a0453568685,1010,0.034619881000000005
43c1d076a967eb05c348ab22aa09e50728121e4c,985,0.029668117
1505271de88581dfa97c74c6d6b8a638b305ba74,995,0.03482587
7a4e1f963d1647a44ab7977d3593bc8064726050,1012,0.034805470000000005
433a71d2e669a82b31053cf3db0f0f75e14eae73,950,0.034472716
7ec1deaecd88d5373c1fd4b6efc5b5f55b82d570,989,0.034302756
5432a4470ee454f164baa9393401e198333f46ed,955,0.034454692
73b495248f6a51786c3b2c437853c52fd80329d8,990,0.036648355
4d7bbcca5dbbcadc8524ad69aa80a2c574435f52,913,0.035546876
366602c0ee04664e0b7da8de8ccd3f29b83bdbd9,903,0.03638889
3b75f318b1df03ef72738ae8c2e35fc779720691,987,0.030820295
fbaf33562ddbdba0f88556e0fe67f3ca601b91bd,994,0.036391558000000004
33c6cb353fd00924c962cde31aa680d560e16221,903,0.03638889
9819d77647a67a3dbc2d33360e9e53a6c6f22c9c,936,0.034754585000000005
78763de3a41f6d1f4054ef7ddc5470684e456511,988,0.030457197999999998
cb65254c83ba27848719a0d4765348ca3f2bbd5c,990,0.029821983500000003
9a0289f6f05bd4e8446b8f219c7eae7b07de3706,1010,0.035984612
1f40a88bedad67629b4917bc322642ffb1f42e79,1010,0.03409091
a06f7dff0690f0a2f7102f00f2efac0677396da5,936,0.034754585000000005
a7191efc4fe8d2746532ce4f5525bd17061f68b8,1015,0.036324784
5337f271c5970721eaa64e90c3dab74d1a26641b,948,0.034621395
c178b364f9b04385f667529223d8a677a2137cd3,913,0.035546876
e24fceb494194e72b6dd5ed3fd8bda7170d678be,912,0.035503143
3f4722a257d650c7782cc61597f57bac7051937a,990,0.036509799
259af834fec8623e963b021a07dd0da18566c2ae,1012,0.034805470000000005
dab06dfef56570533df69e27ab65fcf0cd115c36,935,0.03475712
a07579eda479d68dd49ec543a14f6b01c87027b4,993,0.0354251
865d6329dc33076f8e30bfd0dad8b892c0eea735,912,0.035503143
cb68c23c02b35158f0c8e8753dcb4295c8d21921,948,0.034621395
73bdeb1325f6718e54041a81c6789ad190c60e8d,914,0.035970659
8b70eb2296bc65552d9e07409bd9b73512acc4f4,951,0.03449074
1fb27b2068091807006c10af7183229b383f09cd,993,0.0354251
79c5e312ec4a4ef946f6793ea3da46b9d22bf0e2,1015,0.036324784
b6bf7cdd6f1f7137623c019ae4c4008df020100e,988,0.0306359825
65009b419be982c6179ea6b6d1afab502667a78a,960,0.03462393
3f5224121c851cd049bb182f1ec5229ef1362778,931,0.035157546
4f1cb5378b226ca09460bd14ce2d5db192c2a0c8,950,0.034452226
a9252eed54fd413eb7e58d8f080557b7859cbfb8,1010,0.03409091
11ed01b752827b952e014de8b5d8fdd7332c8ef1,917,0.035924368
ee24b3cdf2c7709e4f0d247d8260d39ab97a5793,1010,0.034619881000000005
ede9ee51f6079a6eabad57d3b91f75eae3c882cd,993,0.0354251
2f66740270ff8b4bd5a4af6d6fd0002d92b28216,958,0.034472716
8521b71a723b9270c5b5dd3bbe77a6e50231d816,990,0.036648355
2763da008262096526598b2fd853a39b2ddab851,948,0.034754585000000005
724aeef0f99cb980859668da49883065e41b63b4,993,0.03325478
5b2faf2b272d8492361e9c3d493b35353977b525,951,0.03449074
8ab38a8221327675c38d6fd5b8fa973f2e1cd30b,990,0.036509799
3ad15962abbdb1b9f7ed38936418669a88ce4baa,984,0.034472716
2b9ff9649161972ca8f0c8f7107a9e4e61961400,1005,0.03409091
8812734667027adef72d0ed8b5b79660ace33dde,1010,0.03401836
8453a43d2afc29ce40bd6d43f4985f928ae3e2c8,990,0.030119851000000003
fe3eebf3134f4f38068ebedd038f276c0c9d7f7e,988,0.030457197999999998
17f42146662d1bcf20115314aa3209546ea216ec,1027,0.036458332
3c3d71c44512549b53f5c39f4536882c71d09f88,920,0.034957333
dda5f7c15289d4add08803724ad7962cfd6084ef,910,0.036810448499999995
5a34d42827f0042566abb3efb69637e1d7ad9c25,920,0.034754585000000005
42e54c70764e0b0d31ca741db05526444fab1daf,988,0.0309253695
07ee3e5fe665e4ea87189cd70ba7c449e0f8101a,951,0.03449074
d736ed339bb457e420d045f37d32f5e14b8daf3f,1015,0.036458332
59afcab75cd0d5265fe25b5010102ac140400219,1005,0.03409091
9298fdfac292fed6058549e31bac16417e56ecc7,1010,0.034371891
df168613ca5e83dd761a6f23f7ffe6955e1adc93,936,0.034754585000000005
1ff23423f755c9b6915bc29ca05d350145c814fb,995,0.03482587
d7834cdbb078161122af30ebc02a97e03eccea70,936,0.034754585000000005
dfa334507fa69d4afbef6de3a65cb292c390ac6b,999,0.03423713
f87289f835d461883e90d82f909ae4f250d8a6b0,935,0.03475712
c18cdf11014d226768d7053e3907d42820f3531b,1005,0.03409091
58419238fd834e3b7d850678628253cef92a7e71,948,0.034754585000000005
